keyword,count
mathematics education,3709
stem education,1823
science education,492
teacher training,123
engineering education,109
technology integration,107
teaching methods,104
science technology engineering mathematics,89
educational technology,77
undergraduate students,71
gender differences,66
student performance,64
online learning,61
teacher development,59
elementary education,53
education,52
student motivation,52
curriculum reform,50
physics education,48
statistical analysis,48
pedagogy,44
curriculum design,44
collaborative learning,42
inclusive education,41
critical thinking,40
teacher education,40
qualitative research,39
inquiry based learning,39
problem solving,38
interdisciplinary learning,37
women in stem,36
cognitive development,35
secondary education,35
student engagement,34
student learning,33
math education,32
student achievement,31
student attitudes,30
undergraduate education,30
curriculum development,29
career development,28
pre service teachers,27
steam education,25
machine learning,25
geoebra,24
mathematics science,24
information technology,24
professional development,23
teacher knowledge,23
teacher beliefs,22
