doc,n_8b,n_70b,soft_recall,soft_precision,soft_f1,soft_mean_max,jaccard_lex,global_sem_sim,identical_set
0,5,5,0.8,0.8,0.8000000000000002,0.9199960231781006,0.6666666666666666,0.8871310949325562,0.0
1,5,5,0.8,0.8,0.8000000000000002,0.8807916045188904,0.6666666666666666,0.9219714999198914,0.0
2,5,5,1.0,0.8,0.888888888888889,0.9277077913284302,0.6666666666666666,0.9527992010116577,0.0
3,5,5,1.0,1.0,1.0,0.9808014631271362,0.6666666666666666,0.9817438721656799,0.0
4,5,5,0.8,0.8,0.8000000000000002,0.8903997540473938,0.6666666666666666,0.924637496471405,0.0
5,5,5,0.8,0.8,0.8000000000000002,0.8258111476898193,0.25,0.8996312022209167,0.0
6,5,5,1.0,1.0,1.0,0.9040060043334961,0.42857142857142855,0.9674940705299377,0.0
7,5,5,1.0,1.0,1.0,0.8898910284042358,0.25,0.8893666863441467,0.0
8,5,5,0.8,0.8,0.8000000000000002,0.8889431953430176,0.6666666666666666,0.9568614363670349,0.0
9,5,5,0.8,0.8,0.8000000000000002,0.9047484397888184,0.42857142857142855,0.916982114315033,0.0
10,5,5,1.0,0.8,0.888888888888889,0.8955916166305542,0.42857142857142855,0.9426369667053223,0.0
11,5,5,0.8,0.8,0.8000000000000002,0.8741277456283569,0.6666666666666666,0.9333199858665466,0.0
12,5,5,0.8,0.8,0.8000000000000002,0.9018676280975342,0.6666666666666666,0.9263132810592651,0.0
13,5,5,1.0,1.0,1.0,0.9534355401992798,0.6666666666666666,0.9850752353668213,0.0
14,5,5,0.6,0.6,0.6,0.7556653618812561,0.42857142857142855,0.8417004346847534,0.0
15,5,5,1.0,1.0,1.0,0.9704222679138184,0.6666666666666666,0.9579214453697205,0.0
16,5,5,0.8,0.8,0.8000000000000002,0.9036203622817993,0.6666666666666666,0.9071078896522522,0.0
17,5,5,0.6,0.6,0.6,0.7660136222839355,0.42857142857142855,0.7400618195533752,0.0
18,5,5,0.8,0.8,0.8000000000000002,0.9063902497291565,0.6666666666666666,0.9229953289031982,0.0
19,5,5,0.8,0.8,0.8000000000000002,0.8496813774108887,0.25,0.8701889514923096,0.0
20,5,5,0.8,0.8,0.8000000000000002,0.8999207019805908,0.6666666666666666,0.9395378828048706,0.0
21,5,5,0.8,0.8,0.8000000000000002,0.8553376197814941,0.42857142857142855,0.9036514163017273,0.0
22,5,5,0.8,1.0,0.888888888888889,0.8673168420791626,0.25,0.9574776887893677,0.0
23,5,5,0.6,0.6,0.6,0.7897509336471558,0.25,0.89780592918396,0.0
24,5,5,0.8,1.0,0.888888888888889,0.9062117338180542,0.42857142857142855,0.907626748085022,0.0
25,5,5,0.8,0.8,0.8000000000000002,0.8530207872390747,0.42857142857142855,0.9502723217010498,0.0
26,5,5,0.8,0.8,0.8000000000000002,0.857486367225647,0.42857142857142855,0.9623885750770569,0.0
27,5,5,0.6,0.6,0.6,0.7393391132354736,0.1111111111111111,0.9120014905929565,0.0
28,5,5,0.8,0.8,0.8000000000000002,0.9156554937362671,0.42857142857142855,0.9858990907669067,0.0
29,5,5,0.8,1.0,0.888888888888889,0.923351526260376,0.42857142857142855,0.9711235165596008,0.0
30,5,5,0.6,0.6,0.6,0.7940099835395813,0.42857142857142855,0.8915901780128479,0.0
31,5,5,1.0,1.0,1.0,1.0000001192092896,1.0,0.9889228343963623,1.0
32,5,5,0.8,0.8,0.8000000000000002,0.9192831516265869,0.6666666666666666,0.9434674382209778,0.0
33,5,5,0.8,0.6,0.6857142857142857,0.830697774887085,0.42857142857142855,0.9208129048347473,0.0
34,5,5,0.8,0.8,0.8000000000000002,0.8875776529312134,0.42857142857142855,0.9445962905883789,0.0
35,5,5,0.8,0.8,0.8000000000000002,0.8843238353729248,0.42857142857142855,0.9167709946632385,0.0
36,5,5,0.6,0.6,0.6,0.8605623841285706,0.42857142857142855,0.9198575019836426,0.0
37,5,5,0.8,0.8,0.8000000000000002,0.8999696373939514,0.6666666666666666,0.9700674414634705,0.0
38,5,5,0.8,0.8,0.8000000000000002,0.8616129159927368,0.25,0.945102870464325,0.0
39,5,5,1.0,1.0,1.0,0.9740279912948608,0.6666666666666666,0.9779132604598999,0.0
40,5,5,1.0,1.0,1.0,1.0000001192092896,1.0,0.9830151200294495,1.0
41,5,5,0.8,0.8,0.8000000000000002,0.9142861366271973,0.6666666666666666,0.9255390763282776,0.0
42,5,5,0.8,0.8,0.8000000000000002,0.8652064800262451,0.42857142857142855,0.8467768430709839,0.0
43,5,5,0.8,0.8,0.8000000000000002,0.860461950302124,0.42857142857142855,0.9463773965835571,0.0
44,5,5,0.8,0.8,0.8000000000000002,0.8843677639961243,0.6666666666666666,0.9459261894226074,0.0
45,5,5,0.6,0.4,0.48,0.7589123845100403,0.25,0.7523629665374756,0.0
46,5,5,1.0,1.0,1.0,0.9419261813163757,0.6666666666666666,0.9857486486434937,0.0
47,5,5,0.8,0.8,0.8000000000000002,0.8503533601760864,0.25,0.934522807598114,0.0
48,5,5,1.0,1.0,1.0,0.8815147876739502,0.25,0.9654713869094849,0.0
49,5,5,0.8,1.0,0.888888888888889,0.8744988441467285,0.42857142857142855,0.94296795129776,0.0
50,5,5,0.8,0.8,0.8000000000000002,0.8833564519882202,0.42857142857142855,0.8743983507156372,0.0
51,5,5,1.0,1.0,1.0,1.0,1.0,0.9978991150856018,1.0
52,5,5,0.8,0.8,0.8000000000000002,0.904944658279419,0.42857142857142855,0.9828022122383118,0.0
53,5,5,0.8,0.6,0.6857142857142857,0.7610242962837219,0.25,0.8493754863739014,0.0
54,5,5,0.8,0.8,0.8000000000000002,0.872545599937439,0.42857142857142855,0.7647314071655273,0.0
55,5,5,0.6,0.6,0.6,0.7394994497299194,0.1111111111111111,0.8361220955848694,0.0
56,5,5,1.0,0.8,0.888888888888889,0.8096400499343872,0.1111111111111111,0.9123897552490234,0.0
57,5,5,1.0,1.0,1.0,0.9548013806343079,0.6666666666666666,0.9873725175857544,0.0
58,5,5,1.0,1.0,1.0,0.954017162322998,0.42857142857142855,0.9831830859184265,0.0
59,5,5,0.8,0.6,0.6857142857142857,0.8420852422714233,0.1111111111111111,0.9083143472671509,0.0
60,5,5,0.8,0.8,0.8000000000000002,0.9003783464431763,0.6666666666666666,0.9489866495132446,0.0
61,5,5,0.8,0.8,0.8000000000000002,0.8693928122520447,0.6666666666666666,0.8830876350402832,0.0
62,5,5,0.8,0.8,0.8000000000000002,0.8939433097839355,0.6666666666666666,0.9360495209693909,0.0
63,5,5,0.8,0.6,0.6857142857142857,0.7959667444229126,0.25,0.8960524797439575,0.0
64,5,5,1.0,0.6,0.7499999999999999,0.8564423322677612,0.25,0.9188852906227112,0.0
65,5,5,0.8,1.0,0.888888888888889,0.9155328273773193,0.6666666666666666,0.8974787592887878,0.0
66,5,0,0.0,0.0,0.0,0.0,0.0,0.0,0.0
67,5,5,0.8,0.8,0.8000000000000002,0.9018511176109314,0.6666666666666666,0.9486977458000183,0.0
68,5,5,1.0,0.8,0.888888888888889,0.8921232223510742,0.25,0.9095376133918762,0.0
69,5,5,0.8,0.8,0.8000000000000002,0.8581690788269043,0.25,0.9239733219146729,0.0
70,5,5,0.6,0.6,0.6,0.6864477396011353,0.0,0.9048202633857727,0.0
71,5,5,0.8,0.8,0.8000000000000002,0.8841255307197571,0.42857142857142855,0.9322245717048645,0.0
72,5,5,0.8,0.6,0.6857142857142857,0.8200801610946655,0.25,0.8943553566932678,0.0
73,5,5,0.8,1.0,0.888888888888889,0.937615156173706,0.42857142857142855,0.978729248046875,0.0
74,5,5,1.0,1.0,1.0,0.9814016222953796,0.6666666666666666,0.9642395377159119,0.0
75,5,5,0.6,0.6,0.6,0.787284791469574,0.42857142857142855,0.8157687187194824,0.0
76,5,5,0.6,0.6,0.6,0.7695407867431641,0.1111111111111111,0.882635772228241,0.0
77,5,5,1.0,0.8,0.888888888888889,0.9513751268386841,0.6666666666666666,0.9671162962913513,0.0
78,5,5,0.8,0.8,0.8000000000000002,0.8407131433486938,0.25,0.9719262719154358,0.0
79,5,5,1.0,0.8,0.888888888888889,0.8794277310371399,0.42857142857142855,0.9413979649543762,0.0
80,5,5,0.8,1.0,0.888888888888889,0.9218358993530273,0.42857142857142855,0.9735880494117737,0.0
81,5,5,0.8,0.8,0.8000000000000002,0.863984227180481,0.25,0.9179365634918213,0.0
82,5,5,0.8,0.8,0.8000000000000002,0.8584362864494324,0.42857142857142855,0.9315841794013977,0.0
83,5,5,0.8,0.8,0.8000000000000002,0.9235766530036926,0.6666666666666666,0.9771626591682434,0.0
84,5,5,0.4,0.8,0.5333333333333333,0.7179142236709595,0.1111111111111111,0.8542548418045044,0.0
85,5,5,0.8,0.8,0.8000000000000002,0.9152066707611084,0.6666666666666666,0.9778553247451782,0.0
86,5,5,0.6,0.6,0.6,0.8000242710113525,0.25,0.9258329272270203,0.0
87,5,5,1.0,1.0,1.0,0.9793053269386292,0.6666666666666666,0.9864863753318787,0.0
88,5,5,0.6,0.6,0.6,0.7881554365158081,0.25,0.9009586572647095,0.0
89,5,5,0.6,0.8,0.6857142857142857,0.7462034225463867,0.1111111111111111,0.8212963342666626,0.0
90,5,5,0.6,0.6,0.6,0.8084609508514404,0.42857142857142855,0.935722291469574,0.0
91,5,5,0.6,0.6,0.6,0.7675004005432129,0.25,0.9216932058334351,0.0
92,5,5,0.8,1.0,0.888888888888889,0.9210423827171326,0.6666666666666666,0.9394512176513672,0.0
93,5,5,1.0,1.0,1.0,1.000000238418579,1.0,1.0000001192092896,1.0
94,5,5,0.8,0.8,0.8000000000000002,0.8818711638450623,0.25,0.9754579663276672,0.0
95,5,5,0.4,0.4,0.4000000000000001,0.680349588394165,0.25,0.8568184971809387,0.0
96,5,5,1.0,0.8,0.888888888888889,0.8071956634521484,0.1111111111111111,0.906708836555481,0.0
97,5,5,1.0,1.0,1.0,1.0,1.0,1.0000001192092896,1.0
98,5,5,0.8,0.8,0.8000000000000002,0.8935094475746155,0.6666666666666666,0.9107109308242798,0.0
99,5,5,0.4,0.4,0.4000000000000001,0.6704618334770203,0.25,0.7159181833267212,0.0
100,5,5,1.0,1.0,1.0,0.9705169796943665,0.6666666666666666,0.980091392993927,0.0
101,5,5,0.8,0.6,0.6857142857142857,0.7918490171432495,0.25,0.8812127113342285,0.0
102,5,5,0.4,0.8,0.5333333333333333,0.7377178072929382,0.1111111111111111,0.8370019197463989,0.0
103,5,5,0.8,0.8,0.8000000000000002,0.7895872592926025,0.1111111111111111,0.9508224129676819,0.0
104,5,5,1.0,0.8,0.888888888888889,0.9142829775810242,0.25,0.9529926180839539,0.0
105,5,5,1.0,1.0,1.0,0.8686960935592651,0.25,0.9736911654472351,0.0
106,5,5,0.8,0.8,0.8000000000000002,0.9010979533195496,0.6666666666666666,0.9311956763267517,0.0
107,5,0,0.0,0.0,0.0,0.0,0.0,0.0,0.0
108,5,5,0.8,0.6,0.6857142857142857,0.7633941173553467,0.25,0.8494019508361816,0.0
109,5,5,1.0,0.8,0.888888888888889,0.8214226961135864,0.1111111111111111,0.9250070452690125,0.0
110,5,5,0.6,0.6,0.6,0.7533539533615112,0.1111111111111111,0.8492130637168884,0.0
111,5,5,0.8,0.6,0.6857142857142857,0.8109145760536194,0.25,0.8887746930122375,0.0
112,5,5,0.8,0.8,0.8000000000000002,0.88556969165802,0.6666666666666666,0.9305079579353333,0.0
113,5,5,1.0,1.0,1.0,0.9932966232299805,0.6666666666666666,0.9986650347709656,0.0
114,5,5,1.0,0.8,0.888888888888889,0.923010528087616,0.42857142857142855,0.9292123317718506,0.0
115,5,5,1.0,1.0,1.0,0.9416016340255737,0.6666666666666666,0.8787793517112732,0.0
116,5,5,0.8,1.0,0.888888888888889,0.9624371528625488,0.6666666666666666,0.9784578084945679,0.0
117,5,5,0.8,0.8,0.8000000000000002,0.8890261650085449,0.6666666666666666,0.9644766449928284,0.0
118,5,5,0.6,0.8,0.6857142857142857,0.8674829006195068,0.42857142857142855,0.9442833662033081,0.0
119,5,5,1.0,0.8,0.888888888888889,0.8559857606887817,0.1111111111111111,0.923570990562439,0.0
120,5,5,0.6,0.6,0.6,0.7693748474121094,0.42857142857142855,0.8885053992271423,0.0
121,5,5,0.8,0.8,0.8000000000000002,0.8830863833427429,0.42857142857142855,0.9596911072731018,0.0
122,5,5,0.6,0.6,0.6,0.8114862442016602,0.25,0.9392754435539246,0.0
123,5,0,0.0,0.0,0.0,0.0,0.0,0.0,0.0
124,5,5,0.8,0.8,0.8000000000000002,0.8778891563415527,0.42857142857142855,0.9374004006385803,0.0
125,5,5,0.4,0.6,0.48,0.707002580165863,0.25,0.8744254112243652,0.0
126,5,5,0.8,0.8,0.8000000000000002,0.9275450706481934,0.42857142857142855,0.9642285704612732,0.0
127,5,5,0.8,0.8,0.8000000000000002,0.93412184715271,0.6666666666666666,0.955527663230896,0.0
128,5,5,1.0,1.0,1.0,0.9711865186691284,0.6666666666666666,0.9550638198852539,0.0
129,5,5,0.8,0.8,0.8000000000000002,0.894477367401123,0.6666666666666666,0.8211230039596558,0.0
130,5,5,0.8,0.8,0.8000000000000002,0.8651288151741028,0.42857142857142855,0.9504766464233398,0.0
131,5,5,0.8,1.0,0.888888888888889,0.8756380677223206,0.42857142857142855,0.9276467561721802,0.0
132,5,5,0.8,0.8,0.8000000000000002,0.9335454106330872,0.6666666666666666,0.8858423233032227,0.0
133,5,5,0.6,0.6,0.6,0.7831810712814331,0.25,0.9167364239692688,0.0
134,5,5,1.0,1.0,1.0,1.000000238418579,1.0,0.9991303086280823,1.0
135,5,5,1.0,1.0,1.0,1.0,1.0,0.9994792938232422,1.0
136,5,5,0.6,0.6,0.6,0.7468247413635254,0.42857142857142855,0.7478163838386536,0.0
137,5,5,1.0,1.0,1.0,0.9761773347854614,0.42857142857142855,0.9861270785331726,0.0
138,5,5,0.6,0.6,0.6,0.8290599584579468,0.42857142857142855,0.9180573225021362,0.0
139,5,5,0.6,0.6,0.6,0.785980761051178,0.42857142857142855,0.7513087391853333,0.0
140,5,5,1.0,0.8,0.888888888888889,0.9294628500938416,0.6666666666666666,0.926331102848053,0.0
141,5,5,0.8,0.8,0.8000000000000002,0.891387403011322,0.42857142857142855,0.9486682415008545,0.0
142,5,5,0.8,0.8,0.8000000000000002,0.8825918436050415,0.42857142857142855,0.9313004016876221,0.0
143,5,5,0.8,0.8,0.8000000000000002,0.8877710103988647,0.6666666666666666,0.9248190522193909,0.0
144,5,5,1.0,1.0,1.0,0.8962496519088745,0.42857142857142855,0.9568097591400146,0.0
145,4,5,1.0,0.8,0.888888888888889,0.9481055736541748,0.5,0.9710309505462646,0.0
146,5,5,0.8,0.8,0.8000000000000002,0.8978717923164368,0.6666666666666666,0.9551563858985901,0.0
147,5,5,0.8,0.8,0.8000000000000002,0.8444647789001465,0.42857142857142855,0.9030701518058777,0.0
148,5,5,0.8,0.8,0.8000000000000002,0.8585267066955566,0.42857142857142855,0.966642439365387,0.0
149,5,5,0.6,0.8,0.6857142857142857,0.7536492347717285,0.1111111111111111,0.8873499035835266,0.0
150,5,5,1.0,1.0,1.0,0.8560926914215088,0.25,0.8721203804016113,0.0
151,5,5,0.6,0.8,0.6857142857142857,0.7829430103302002,0.25,0.8795127868652344,0.0
152,5,5,0.8,0.8,0.8000000000000002,0.879167377948761,0.25,0.9529665112495422,0.0
153,5,5,0.8,0.8,0.8000000000000002,0.8408815860748291,0.25,0.9412652850151062,0.0
154,5,5,0.8,0.8,0.8000000000000002,0.8685007691383362,0.6666666666666666,0.934046745300293,0.0
155,5,5,0.8,0.8,0.8000000000000002,0.8581641912460327,0.42857142857142855,0.8262379169464111,0.0
156,5,5,1.0,1.0,1.0,0.9735904932022095,0.42857142857142855,0.9769684672355652,0.0
157,5,5,0.8,0.8,0.8000000000000002,0.8941251039505005,0.6666666666666666,0.9153858423233032,0.0
158,5,5,0.8,0.8,0.8000000000000002,0.9088067412376404,0.6666666666666666,0.9451508522033691,0.0
159,5,5,0.4,0.4,0.4000000000000001,0.6347644329071045,0.1111111111111111,0.7503401637077332,0.0
160,5,5,0.8,0.6,0.6857142857142857,0.849285900592804,0.42857142857142855,0.9494832754135132,0.0
161,5,5,1.0,1.0,1.0,0.8800156712532043,0.1111111111111111,0.9802541732788086,0.0
162,5,5,0.8,0.8,0.8000000000000002,0.8870689868927002,0.25,0.9305022954940796,0.0
163,5,5,0.8,0.8,0.8000000000000002,0.9027460813522339,0.6666666666666666,0.9558640718460083,0.0
164,5,5,0.8,0.8,0.8000000000000002,0.882886528968811,0.6666666666666666,0.9103562831878662,0.0
165,5,5,1.0,1.0,1.0,0.8553978204727173,0.25,0.9552927017211914,0.0
166,5,5,0.8,0.8,0.8000000000000002,0.8239302635192871,0.25,0.8954635858535767,0.0
167,5,5,0.4,0.2,0.26666666666666666,0.7059276700019836,0.1111111111111111,0.786405086517334,0.0
168,5,5,1.0,0.8,0.888888888888889,0.8951374292373657,0.25,0.9366589188575745,0.0
169,5,5,0.8,0.8,0.8000000000000002,0.8361668586730957,0.1111111111111111,0.8995161652565002,0.0
170,5,5,1.0,0.8,0.888888888888889,0.953127920627594,0.6666666666666666,0.9561232328414917,0.0
171,5,5,1.0,0.8,0.888888888888889,0.8669730424880981,0.1111111111111111,0.923849880695343,0.0
172,5,5,0.6,0.6,0.6,0.8033576011657715,0.42857142857142855,0.909107506275177,0.0
173,5,5,0.8,0.6,0.6857142857142857,0.6757932901382446,0.0,0.7067736983299255,0.0
174,5,5,0.8,0.8,0.8000000000000002,0.856216311454773,0.6666666666666666,0.8225054144859314,0.0
175,5,5,0.8,0.8,0.8000000000000002,0.794118344783783,0.1111111111111111,0.890358567237854,0.0
176,5,5,0.8,0.8,0.8000000000000002,0.8946871161460876,0.6666666666666666,0.890430212020874,0.0
177,5,5,0.8,0.8,0.8000000000000002,0.8818134069442749,0.42857142857142855,0.9596585631370544,0.0
178,5,5,1.0,1.0,1.0,1.000000238418579,1.0,0.998669445514679,1.0
179,5,5,0.8,0.8,0.8000000000000002,0.8150707483291626,0.1111111111111111,0.9004234075546265,0.0
180,5,5,0.8,0.8,0.8000000000000002,0.8631405234336853,0.25,0.9395021200180054,0.0
181,5,5,1.0,1.0,1.0,1.0,1.0,1.0,1.0
