keyword,community
abstract algebra,0
academic achievement,0
academic performance,0
academic success,0
adult education,0
algebra,0
algebraic thinking,0
basic education,0
bilingual education,0
blended learning,0
classroom assessment,0
classroom discourse,0
classroom environment,0
classroom management,0
classroom practice,0
classroom practices,0
classroom teaching,0
cognitive science,0
cognitive skills,0
college students,0
computer aided instruction,0
computer algebra,0
computer algebra system,0
computer algebra systems,0
computer science education,0
computer-assisted instruction,0
conceptual understanding,0
critical mathematics,0
critical mathematics education,0
critical pedagogy,0
curriculum change,0
curriculum implementation,0
curriculum materials,0
curriculum reform,0
curriculum standards,0
didactics,0
differential calculus,0
discrete mathematics,0
education policy,0
education reform,0
educational context,0
educational data mining,0
educational games,0
educational innovation,0
educational outcomes,0
educational process,0
educational reform,0
educational research,0
educational software,0
educational technology,0
effective teaching,0
elementary education,0
elementary mathematics,0
elementary school,0
elementary school students,0
elementary school teachers,0
elementary schools,0
elementary students,0
elementary teachers,0
english language learners,0
equity in education,0
female students,0
financial literacy,0
flipped classroom,0
flipped learning,0
future teachers,0
general education,0
geometry,0
geometry education,0
geometry learning,0
geometry teaching,0
gifted education,0
gifted students,0
high school,0
history of mathematics,0
inclusive education,0
instructional design,0
instructional practice,0
instructional practices,0
instructional quality,0
instructional strategies,0
integral calculus,0
intelligent tutoring system,0
intelligent tutoring systems,0
interactive learning,0
kindergarten,0
learning achievement,0
learning difficulties,0
learning disabilities,0
learning environment,0
learning environments,0
learning mathematics,0
learning models,0
learning outcomes,0
learning process,0
learning strategies,0
learning style,0
learning styles,0
learning theory,0
lesson planning,0
lesson study,0
linear algebra,0
math achievement,0
math anxiety,0
math skills,0
mathematical abilities,0
mathematical ability,0
mathematical achievement,0
mathematical activity,0
mathematical argumentation,0
mathematical beliefs,0
mathematical cognition,0
mathematical communication,0
mathematical competence,0
mathematical competencies,0
mathematical concepts,0
mathematical connections,0
mathematical content,0
mathematical creativity,0
mathematical development,0
mathematical discourse,0
mathematical identity,0
mathematical knowledge,0
mathematical learning,0
mathematical literacy,0
mathematical modeling,0
mathematical modelling,0
mathematical models,0
mathematical objects,0
mathematical performance,0
mathematical practice,0
mathematical practices,0
mathematical problem solving,0
mathematical problem-solving,0
mathematical problems,0
mathematical proficiency,0
mathematical proof,0
mathematical reasoning,0
mathematical sciences,0
mathematical skills,0
mathematical tasks,0
mathematical techniques,0
mathematical thinking,0
mathematical understanding,0
mathematicians,0
mathematics achievement,0
mathematics anxiety,0
mathematics attitudes,0
mathematics classroom,0
mathematics classrooms,0
mathematics curriculum,0
mathematics education,0
mathematics education research,0
mathematics instruction,0
mathematics learning,0
mathematics performance,0
mathematics reform,0
mathematics research,0
mathematics teacher,0
mathematics teacher education,0
mathematics teachers,0
mathematics teaching,0
mathematization,0
middle school teachers,0
multiplication,0
novice teachers,0
numeracy skills,0
numerical cognition,0
numerical methods,0
online education,0
online teaching,0
pedagogical approach,0
pedagogical content knowledge,0
pedagogical knowledge,0
pedagogical practices,0
pedagogical strategies,0
pedagogy,0
philosophy of mathematics,0
physical education,0
pre-service teachers,0
preschool teachers,0
preservice teacher education,0
preservice teachers,0
primary education,0
primary school,0
primary school students,0
primary school teachers,0
primary schools,0
primary students,0
primary teachers,0
prospective teachers,0
quality education,0
quantitative literacy,0
rational numbers,0
reading comprehension,0
realistic mathematics,0
realistic mathematics education,0
rural education,0
school mathematics,0
school performance,0
secondary education,0
secondary mathematics,0
secondary school,0
secondary school students,0
secondary schools,0
secondary students,0
secondary teachers,0
situated learning,0
special education,0
statistical literacy,0
statistics education,0
student achievement,0
student assessment,0
student attitudes,0
student learning outcomes,0
student outcomes,0
student participation,0
student perception,0
student performance,0
student teachers,0
student thinking,0
student understanding,0
teacher attitudes,0
teacher beliefs,0
teacher candidates,0
teacher collaboration,0
teacher competence,0
teacher education,0
teacher educator,0
teacher educators,0
teacher effectiveness,0
teacher efficacy,0
teacher identity,0
teacher knowledge,0
teacher learning,0
teacher noticing,0
teacher perceptions,0
teacher perspectives,0
teacher practice,0
teacher practices,0
teacher preparation,0
teacher quality,0
teacher reflection,0
teacher role,0
teacher self-efficacy,0
teacher support,0
teacher training,0
teachers beliefs,0
teaching and learning,0
teaching approaches,0
teaching learning,0
teaching materials,0
teaching method,0
teaching methods,0
teaching practice,0
teaching practices,0
teaching quality,0
teaching strategies,0
technical universities,0
technology enhanced learning,0
technology-enhanced learning,0
tertiary education,0
textbook analysis,0
textbooks,0
undergraduate,0
undergraduate mathematics,0
understanding,0
university education,0
university level,0
university mathematics,0
university students,0
urban education,0
urban schools,0
vocational education,0
achievement,1
assessment,1
calculus,1
children,1
cognition,1
creativity,1
curriculum,1
development,1
diversity,1
e-learning,1
education,1
engineering,1
gamification,1
gender,1
health literacy,1
history,1
informatics,1
innovation,1
interdisciplinary,1
language,1
learning,1
literacy,1
math education,1
mathematical education,1
mathematics,1
motivation,1
numeracy,1
philosophy,1
physics,1
probability,1
research,1
science,1
self-efficacy,1
statistics,1
stem,1
students,1
teacher,1
teachers,1
teaching,1
technology,1
training,1
university,1
active learning,2
career choice,2
career development,2
career interest,2
civil engineering,2
community college,2
computer programming,2
creative thinking,2
critical thinking,2
curricula,2
curriculum design,2
curriculum development,2
distance education,2
early childhood,2
early childhood education,2
educational robotics,2
electrical engineering,2
engineering careers,2
engineering design,2
engineering design process,2
engineering education,2
engineering mathematics,2
engineering students,2
engineering technology,2
experiential learning,2
faculty development,2
graduate students,2
high school students,2
higher education,2
informal learning,2
inquiry-based learning,2
interdisciplinary education,2
interdisciplinary learning,2
k-12 education,2
mechanical engineering,2
mentoring,2
middle school,2
middle school students,2
mobile learning,2
online learning,2
outreach programs,2
physics education,2
professional development,2
professional growth,2
project based learning,2
project-based learning,2
research experience,2
science education,2
science learning,2
science teachers,2
science teaching,2
science technology engineering mathematics,2
space education,2
steam education,2
stem careers,2
stem disciplines,2
stem education,2
stem learning,2
student engagement,2
student learning,2
student motivation,2
student perceptions,2
student success,2
teacher development,2
teacher professional development,2
technology education,2
undergraduate education,2
undergraduate research,2
undergraduate students,2
women in engineering,2
women in stem,2
workforce development,2
conceptual knowledge,3
procedural knowledge,3
adaptive learning,4
algorithmic thinking,4
artificial intelligence,4
computational thinking,4
computer science,4
data mining,4
deep learning,4
machine learning,4
personalized learning,4
problem solving,4
problem-solving,4
programming,4
robotics,4
software engineering,4
augmented reality,5
virtual reality,5
equity,6
inclusion,6
